Ação;Empresa;Preço;Margem EBIT;P/VPA;EV/EBIT;Div.Yield;Volume Financ.(R$)
ZAMP3;ZAMP S.A.;4,53;2,11%;0,86;24,04;0,00%;4.560.026
YDUQ3;YDUQS PART;9,61;12,65%;0,98;12,45;1,32%;85.351.838
WLMM4;WLM IND COM;21,9;7,94%;1,32;5,14;4,72%;35.136
WLMM3;WLM IND COM;22,17;7,94%;1,33;5,14;4,24%;376
WIZS3;WIZ S.A.;6,97;41,06%;1,14;3,18;0,00%;10.308.608
WHRL4;WHIRLPOOL;4,96;7,83%;3,04;7,63;0,00%;40.992
WHRL3;WHIRLPOOL;4,52;7,83%;2,77;7,63;0,00%;14.520
WEST3;WESTWING;1,02;-27,71%;0,32;0,23;0,00%;852.976
WEGE3;WEG;37,45;16,27%;11;33,88;1,32%;302.306.531
VVEO3;VIVEO;15,2;6,18%;1,9;12,28;2,67%;4.518.755
VULC3;VULCABRAS;11,46;16,10%;1,75;7,62;3,23%;6.783.209
VSPT4;FER C ATLANT;NA;-12,69%;NA;NA;NA;0
VSPT3;FER C ATLANT;NA;-12,69%;NA;NA;NA;0
VLID3;VALID;8,81;11,64%;0,56;5,2;3,30%;2.580.748
VIVT3;TELEF BRASIL;36,86;13,86%;0,89;11,63;9,22%;115.882.535
VIVR3;VIVER;0,38;-67,87%;-0,42;-4,73;0,00%;3.423.130
VIVA3;VIVARA S.A.;19,35;18,78%;2,88;13,99;0,00%;31.106.159
VITT3;VITTIA;12,06;20,66%;2,58;10,36;1,08%;2.385.816
VIIA3;VIA;1,91;4,10%;0,55;9;0,00%;211.834.276
VBBR3;VIBRA;14,25;1,99%;1,31;8,49;3,27%;174.397.734
VAMO3;VAMOS;11,49;31,92%;3,22;11,65;0,00%;53.560.545
VALE3;VALE;85,68;36,28%;2,18;5,2;8,51%;2.749.101.243
USIM6;USIMINAS;14,51;18,02%;0,67;1,7;5,67%;194
USIM5;USIMINAS;7,35;18,02%;0,34;1,7;8,56%;148.248.782
USIM3;USIMINAS;7,23;18,02%;0,34;1,7;7,91%;3.171.028
UPKP3B;UPTICK;NA;NA;NA;NA;NA;0
UNIP6;UNIPAR;87,96;41,33%;3,2;2,67;20,95%;19.534.312
UNIP5;UNIPAR;91,96;41,33%;3,34;2,67;20,04%;35.997
UNIP3;UNIPAR;80,07;41,33%;2,91;2,67;20,92%;1.705.808
UGPA3;ULTRAPAR;11,79;1,84%;1,16;8,18;4,94%;100.141.875
UCAS3;UNICASA;2,38;12,82%;0,8;4,13;4,53%;107.489
TXRX4;TEX RENAUX;3,16;15,99%;-0,04;10,7;0,00%;4.574
TXRX3;TEX RENAUX;16,21;15,99%;-0,21;10,7;0,00%;138
TUPY3;TUPY;26,05;8,02%;1,21;6,85;1,45%;23.245.716
TTEN3;3TENTOS;8,36;5,89%;1,6;10,85;0,18%;15.400.384
TRPL4;TRAN PAULIST;21,72;71,11%;0,86;5,64;0,80%;42.716.640
TRPL3;TRAN PAULIST;28;71,11%;1,11;5,64;0,62%;62.928
TRIS3;TRISUL;3,23;13,91%;0,46;10,44;6,80%;4.398.588
TRAD3;TC;1,96;-82,86%;0,96;-4,32;0,01%;2.906.721
TPIS3;TRIUNFO PART;1,01;22,76%;0,19;6,98;1,85%;1.334.856
TOTS3;TOTVS;25,43;15,46%;3,33;24,68;0,90%;147.370.377
TKNO4;TEKNO;65;17,23%;0,72;2,71;14,76%;1.002
TKNO3;TEKNO;NA;17,23%;NA;2,71;NA;0
TIMS3;TIM;12,28;19,18%;1,18;7,83;5,06%;114.838.101
TGMA3;TEGMA;19,6;13,78%;1,75;7,36;5,72%;5.776.922
TFCO4;TRACK FIELD;9,4;23,00%;28,06;5,8;1,35%;2.584.627
TEND3;TENDA;3,8;-20,31%;0,47;-2,57;0,00%;20.613.571
TELB4;TELEBRAS;7,05;-17,16%;0,29;1,71;0,00%;38.073
TELB3;TELEBRAS;14,75;-17,16%;0,6;1,71;0,00%;31.621
TEKA4;TEKA;27;6,80%;-0,01;35,15;0,00%;56.877
TEKA3;TEKA;8,23;6,80%;0;35,15;0,00%;0
TEGA3;TEGRA INCORP;NA;11,38%;NA;NA;NA;0
TECN3;TECHNOS;2,18;16,71%;0,47;3,32;3,72%;964.189
TCSA3;TECNISA;2,48;-24,28%;0,27;-14,06;0,00%;789.950
TCNO4;TECNOSOLO;0,85;NA;-5,95;-34,51;0,00%;5.136
TCNO3;TECNOSOLO;1,2;NA;-8,4;-34,51;0,00%;3.013
TASA4;TAURUS ARMAS;12,86;32,76%;1,5;2,04;12,63%;12.220.604
TASA3;TAURUS ARMAS;12,35;32,76%;1,44;2,04;13,15%;524.719
TAEE4;TAESA;11,2;102,94%;1,67;6,29;14,45%;3.660.917
TAEE3;TAESA;10,87;102,94%;1,62;6,29;14,89%;2.190.539
TAEE11;TAESA;32,91;102,94%;1,63;6,29;14,75%;101.239.329
SYNE3;SYN PROP TEC;3,98;67,81%;0,23;0,78;218,92%;1.785.235
SUZB3;SUZANO S.A.;51,43;41,93%;2,5;6,52;0,00%;323.169.222
SULA4;SUL AMERICA;6,25;-3,34%;0,95;8,72;1,20%;73.963
SULA3;SUL AMERICA;6,08;-3,34%;0,93;8,72;1,23%;38.913
SULA11;SUL AMERICA;18,67;-3,34%;0,95;8,72;1,20%;73.612.359
STKF3;STATKRAFT;NA;33,03%;NA;NA;NA;0
STBP3;SANTOS BRP;6,92;28,52%;2,79;10,2;13,07%;36.897.653
SQIA3;SINQIA;13,75;10,31%;1,53;23,71;0,48%;13.215.557
SOND6;SONDOTECNICA;32,35;15,46%;1,37;2,96;20,51%;3.185
SOND5;SONDOTECNICA;31,21;15,46%;1,32;2,96;21,26%;2.776
SOND3;SONDOTECNICA;40,08;15,46%;1,7;2,96;0,00%;0
SOMA3;GRUPO SOMA;9,04;7,85%;0,96;21,7;1,00%;84.916.354
SOJA3;BOA SAFRA;9,6;8,08%;1,41;9,91;1,14%;2.675.836
SNSY6;SANSUY;11,51;-2,53%;-0,05;-7,16;0,00%;0
SNSY5;SANSUY;2,97;-2,53%;-0,01;-7,16;0,00%;13.981
SNSY3;SANSUY;4,5;-2,53%;-0,02;-7,16;0,00%;3.735
SMTO3;SAO MARTINHO;23,35;38,94%;1,52;6,4;3,12%;46.581.512
SMFT3;SMART FIT;12,15;2,24%;1,71;127,36;0,00%;20.688.303
SLED4;SARAIVA LIVR;2,78;290,32%;-0,07;0,45;0,00%;24.925
SLED3;SARAIVA LIVR;7,73;290,32%;-0,2;0,45;0,00%;2.851
SLCE3;SLC AGRICOLA;45,98;28,00%;1,92;4,96;5,28%;59.273.298
SIMH3;SIMPAR;5,99;23,00%;0,9;6,3;10,36%;30.288.199
SHUL4;SCHULZ;4,55;17,48%;1,56;15,89;3,28%;1.822.088
SHUL3;SCHULZ;27,88;17,48%;9,57;15,89;0,00%;0
SHOW3;TIME FOR FUN;2,1;7,59%;0,98;1,26;0,00%;820.610
SGPS3;SPRINGS;1,39;-7,26%;0,11;-8,3;0,00%;177.900
SEQL3;SEQUOIA LOG;3,11;4,44%;0,81;13,1;0,00%;17.317.848
SEER3;SER EDUCA;4,3;5,91%;0,41;10,77;0,00%;5.528.749
SCAR3;SAO CARLOS;18;47,10%;0,69;20,04;0,80%;108.842
SBSP3;SABESP;53,78;20,93%;1,34;11,75;1,75%;299.766.132
SBFG3;GRUPO SBF;10,66;6,61%;1,12;12,57;1,11%;31.624.358
SAPR4;SANEPAR;3,42;31,66%;0,61;4,95;6,92%;10.363.280
SAPR3;SANEPAR;3,23;31,66%;0,58;4,95;6,66%;1.847.255
SAPR11;SANEPAR;16,85;31,66%;0,61;4,95;6,89%;22.293.311
RSUL4;RIOSULENSE;70,66;24,64%;3,38;4,24;2,82%;127.862
RSUL3;RIOSULENSE;NA;24,64%;NA;4,24;NA;0
RSID3;ROSSI RESID;2,49;-1221,64%;-0,05;-2,37;0,00%;236.824
RRRP3;3R PETROLEUM;32,85;33,03%;1,53;12,67;0,00%;172.522.422
RPMG3;PET MANGUINH;1,6;-18,63%;-0,03;-0,12;0,00%;12.088
RPAD6;ALFA HOLDING;6,65;NA;0,53;9,38;0,01%;3.529
RPAD5;ALFA HOLDING;6,9;NA;0,55;9,38;8,18%;852
RPAD3;ALFA HOLDING;7,4;NA;0,58;9,38;0,01%;2.112
ROMI3;ROMI;13,31;14,74%;1,05;6,95;5,65%;10.729.158
RNEW4;RENOVA;1,85;294,00%;2,81;2,67;0,00%;168.713
RNEW3;RENOVA;1,93;294,00%;2,93;2,67;0,00%;80.086
RNEW11;RENOVA;5,74;294,00%;2,91;2,67;0,00%;70.546
RENT3;LOCALIZA;49,7;28,05%;2,41;17,66;2,17%;505.481.719
REDE3;REDE ENERGIA;5,4;22,36%;1,9;5,65;9,67%;8.116
RECV3;PETRORECSA;28,19;42,04%;2,25;6,73;0,58%;69.167.811
RDOR3;REDE D OR;24,93;17,63%;3,37;16,71;1,68%;167.469.852
RDNI3;RNI;6,6;5,81%;0,44;21,76;0,87%;137.261
RCSL4;RECRUSUL;0,63;0,66%;-0,61;81,75;0,00%;299.865
RCSL3;RECRUSUL;1,82;0,66%;-1,76;81,75;0,00%;456.995
RAPT4;RANDON PART;8,24;11,03%;0,7;4,5;8,80%;18.678.489
RAPT3;RANDON PART;7,55;11,03%;0,64;4,5;9,60%;83.749
RANI3;IRANI;8;33,21%;1,81;4,66;7,99%;10.080.187
RAIZ4;RAIZEN;3,26;1,90%;1,51;9,43;2,50%;54.810.559
RAIL3;RUMO S.A.;17,15;22,83%;2,08;20,14;0,00%;255.954.161
RADL3;RAIADROGASIL;21,9;6,04%;7,08;22,75;0,91%;177.853.083
QVQP3B;524 PARTICIP;NA;NA;NA;NA;NA;0
QUSW3;QUALITY SOFT;NA;12,62%;NA;NA;NA;0
QUAL3;QUALICORP;5,11;26,74%;1;5,55;5,00%;31.306.960
PTNT4;PETTENATI;6,2;11,14%;0,71;5,08;5,14%;237.705
PTNT3;PETTENATI;9,7;11,14%;1,1;5,08;3,29%;29.843
PTCA3;PRATICA;NA;10,29%;NA;NA;NA;0
PTCA11;PRATICA;NA;10,29%;NA;NA;NA;0
PTBL3;PORTOBELLO;7,47;15,57%;2,31;4,75;4,46%;14.012.114
PSVM11;PORTO VM;3,99;NA;1.374,61;2,33;0,00%;971
PSSA3;PORTO SEGURO;21,12;1,64%;1,37;8,76;5,49%;47.816.475
PRNR3;PRINER;5,8;12,32%;0,77;3,07;1,62%;1.232.738
PRMN3B;PROMAN;NA;60,62%;NA;NA;NA;0
PRIO3;PETRORIO;35,35;58,63%;3,38;7,4;0,00%;417.886.278
PPAR3;POLPAR;NA;NA;NA;NA;NA;0
POSI3;POSITIVO TEC;7,55;10,02%;0,8;4,33;4,51%;23.530.022
PORT3;WILSON SONS;9,85;24,29%;1,82;12,35;4,54%;3.555.295
POMO4;MARCOPOLO;2,3;3,25%;0,71;22,73;1,61%;14.807.078
POMO3;MARCOPOLO;1,89;3,25%;0,58;22,73;1,96%;279.414
PNVL3;DIMED;9,12;3,34%;1,26;16,6;2,07%;5.345.815
PMAM3;PARANAPANEMA;3,9;-17,79%;-0,1;-6,41;0,00%;669.519
PLPL3;PLANOEPLANO;3,4;9,53%;1,81;6,78;4,74%;3.220.806
PLAS3;PLASCAR PART;8,81;0,50%;-0,29;95,95;0,00%;6.668
PGMN3;PAGUE MENOS;3,61;5,90%;0,71;5,24;0,00%;4.040.426
PFRM3;PROFARMA;3,39;3,02%;0,28;4,43;0,00%;901.369
PETZ3;PETZ;5,9;5,44%;1,49;18,05;0,66%;111.396.730
PETR4;PETROBRAS;22,05;47,78%;0,77;1,92;76,04%;2.902.925.613
PETR3;PETROBRAS;24,98;47,78%;0,87;1,92;67,12%;778.666.609
PEAB4;PAR AL BAHIA;58,05;-2,49%;1,1;-553,74;3,29%;5.665
PEAB3;PAR AL BAHIA;42,9;-2,49%;0,81;-553,74;4,04%;7.584
PDTC3;PADTEC;3;12,73%;1,8;6,71;0,00%;192.922
PDGR3;PDG REALT;0,12;-159,10%;-0,01;-4,29;0,00%;1.473.000
PCAR3;P.ACUCAR-CBD;16,36;2,97%;0,28;5,31;0,00%;52.373.751
PATI4;PANATLANTICA;51,99;5,30%;1,37;8,02;0,00%;80
PATI3;PANATLANTICA;42,86;5,30%;1,13;8,02;6,79%;4.168
PASS5;COMPASS;NA;12,84%;NA;NA;NA;0
PARD3;IHPARDINI;20,62;14,88%;2,82;9,35;2,47%;13.041.034
OSXB3;OSX BRASIL;6,4;-61,67%;0;-240,42;0,00%;73.050
ORVR3;ORIZON;32,33;18,62%;5,37;25,81;0,00%;16.333.567
OPTS3B;SUL 116 PART;NA;NA;NA;NA;NA;0
OPSE3B;SUDESTE S/A;NA;NA;NA;NA;NA;0
OPGM3B;GAMA PART;NA;NA;NA;NA;NA;0
OPCT3;OCEANPACT;2,84;0,61%;0,76;234,68;0,00%;1.756.464
ONCO3;ONCOCLINICAS;6,37;9,69%;1,25;15,78;0,00%;7.358.472
OIBR4;OI;0,57;-28,93%;-1,67;-6,55;0,00%;989.230
OIBR3;OI;0,2;-28,93%;-0,59;-6,55;0,00%;31.286.135
OFSA3;OUROFINO S/A;22,19;15,64%;1,65;9,29;2,42%;261.787
ODPV3;ODONTOPREV;8,48;29,78%;3,98;8;3,54%;20.269.568
ODER4;ODERICH;184,92;15,07%;5,03;20,7;0,00%;0
ODER3;ODERICH;NA;15,07%;NA;20,7;NA;0
NUTR3;NUTRIPLANT;280;9,40%;1,28;3,1;0,00%;0
NTCO3;GRUPO NATURA;9,91;1,22%;0,6;49,58;1,33%;201.566.727
NRTQ3;NORTCQUIMICA;NA;12,32%;NA;NA;NA;0
NORD3;NORDON MET;4,5;-22,58%;-0,2;-185,07;0,00%;1.084
NINJ3;GETNINJAS;2,89;-88,24%;0,52;2,55;0,00%;539.603
NGRD3;NEOGRID;1,42;2,03%;0,75;26,9;1,05%;1.213.551
NEXP3;NEXPE;0,29;-58,70%;1,87;-0,95;0,00%;134.643
NEOE3;NEOENERGIA;14,51;20,82%;0,65;5,9;5,50%;25.146.432
NEMO6;SUZANO HOLD;NA;41,91%;NA;NA;NA;0
NEMO5;SUZANO HOLD;NA;41,91%;NA;NA;NA;0
NEMO3;SUZANO HOLD;NA;41,91%;NA;NA;NA;0
MYPK3;IOCHP-MAXION;12,44;8,02%;0,43;4,9;14,78%;22.874.901
MWET4;WETZEL S/A;9,13;6,76%;-0,78;5,4;0,00%;81.215
MWET3;WETZEL S/A;29,98;6,76%;-2,57;5,4;0,00%;354
MULT3;MULTIPLAN;20,24;56,14%;1,86;13,7;4,53%;124.102.056
MTSA4;METISA;34,1;14,76%;0,8;3,49;5,81%;127.646
MTSA3;METISA;69,23;14,76%;1,63;3,49;0,00%;213
MTRE3;MITRE REALTY;3,33;6,14%;0,35;12,45;9,83%;2.126.173
MSRO3;MAESTROLOC;NA;41,32%;NA;NA;NA;0
MSPA4;MELHOR SP;41,35;-10,46%;0,33;-21,38;0,00%;0
MSPA3;MELHOR SP;50,01;-10,46%;0,4;-21,38;0,00%;0
MRVE3;MRV;7,49;12,01%;0,52;11,89;5,28%;125.819.931
MRSA6B;MRS LOGIST;23,06;29,39%;1,43;7,48;0,00%;71
MRSA5B;MRS LOGIST;23,06;29,39%;1,43;7,48;0,00%;232
MRSA3B;MRS LOGIST;26;29,39%;1,61;7,48;0,00%;277
MRFG3;MARFRIG;7,74;11,48%;0,18;3,56;33,44%;130.081.315
MOVI3;MOVIDA;6,52;29,50%;0,85;5,58;21,81%;39.639.975
MOAR3;MONT ARANHA;476;301410,87%;7,05;42,55;4,12%;281.230
MNZC3B;MENEZES CORT;NA;30,45%;NA;NA;NA;0
MNPR3;MINUPAR;6,01;19,95%;-0,13;0,59;0,00%;35.823
MNDL3;MUNDIAL;37,5;13,16%;-0,12;4,4;0,00%;59.653
MMXM3;MMX MINER;14;NA;-0,11;-746,77;0,00%;0
MMXM11;MMX MINER;2,1;NA;-0,02;-746,77;0,00%;0
MMAQ4;MINASMAQUINA;NA;7,64%;NA;NA;NA;0
MMAQ3;MINASMAQUINA;NA;7,64%;NA;NA;NA;0
MLAS3;MULTILASER;3,01;10,82%;0,58;5,94;4,09%;8.435.417
MILS3;MILLS;9,32;28,58%;1,9;8,67;2,13%;13.771.092
MGLU3;MAGAZ LUIZA;2,37;0,70%;1,48;84,21;0,00%;741.090.372
MGEL4;MANGELS INDL;12,2;12,48%;-0,37;5,81;0,00%;27.569
MGEL3;MANGELS INDL;NA;12,48%;NA;5,81;NA;0
MELK3;MELNICK;3,03;8,39%;0,49;4,85;9,20%;1.130.644
MEGA3;OMEGAENERGIA;9,08;57,94%;1,35;10,93;0,00%;15.991.270
MEAL3;IMC S/A;2,71;0,96%;0,73;48,27;0,00%;4.332.228
MDNE3;MOURA DUBEUX;5,32;11,76%;0,39;3,82;0,00%;1.577.853
MDIA3;M.DIASBRANCO;36,53;6,84%;1,88;21,5;0,00%;49.269.134
MBLY3;MOBLY;2,68;-14,05%;0,5;-2,63;0,00%;4.338.490
MATD3;MATER DEI;6,28;18,93%;1,4;10,78;1,43%;4.565.534
MAPT4;CEMEPE;10,21;NA;-1,54;-125,2;0,00%;83
MAPT3;CEMEPE;37,5;NA;-5,67;-125,2;0,00%;0
LWSA3;LOCAWEB;6,75;2,33%;1,35;105,57;0,00%;87.943.386
LVTC3;WDC NETWORKS;5,5;10,16%;0,55;1,62;3,16%;1.074.577
LUXM4;TREVISA;79,9;15,07%;3,85;20,06;0,87%;88.809
LUXM3;TREVISA;NA;15,07%;NA;20,06;NA;0
LUPA3;LUPATECH;3,61;-28,85%;0,96;-7,27;0,00%;6.818.754
LTLA3B;LITELA;NA;NA;NA;NA;NA;0
LTEL3B;LITEL;NA;NA;NA;NA;NA;0
LREN3;LOJAS RENNER;19,44;9,89%;1,97;14,07;3,15%;365.594.407
LPSB3;LOPES BRASIL;1,49;13,34%;1,11;5,93;5,07%;818.521
LOGN3;LOG-IN;29,52;17,05%;5,38;12,28;0,00%;6.858.653
LOGG3;LOG COM PROP;14,51;260,16%;0,4;6,07;5,97%;7.721.986
LMED3;LIFEMED;NA;22,28%;NA;NA;NA;0
LLIS3;LE LIS BLANC;1,62;-55,44%;-1,97;-5,44;0,00%;446.773
LLBI3;LE BISCUIT;NA;-11,09%;NA;NA;NA;0
LJQQ3;QUERO-QUERO;3,99;4,30%;1,44;6,86;3,08%;17.226.925
LIPR3;ELETROPAR;70;NA;3,83;35,32;2,60%;2.129
LIGT3;LIGHT S/A;4,56;10,91%;0,2;6,3;5,56%;23.145.514
LEVE3;METAL LEVE;27,66;17,59%;2,16;5,16;15,19%;5.206.158
LAVV3;LAVVI;4,42;16,60%;0,72;4,69;13,65%;4.709.868
LAND3;TERRASANTAPA;27,68;69,64%;3,79;32,45;0,74%;1.459.785
KRSA3;KORA SAUDE;1,18;10,36%;0,71;14,82;0,00%;242.041
KLBN4;KLABIN S/A;4,07;37,96%;2,08;5,97;7,26%;9.099.070
KLBN3;KLABIN S/A;4,05;37,96%;2,07;5,97;7,29%;2.156.494
KLBN11;KLABIN S/A;20,24;37,96%;2,07;5,97;7,29%;139.170.033
KEPL3;KEPLER WEBER;19,04;28,11%;2,71;3,21;10,48%;24.662.864
JSLG3;JSL;5,35;12,38%;1,1;7,28;7,01%;3.293.057
JOPA4;JOSAPAR;37,5;5,41%;0,52;7,35;2,43%;340
JOPA3;JOSAPAR;21,7;5,41%;0,3;7,35;3,81%;11.429
JHSF3;JHSF PART;4,55;48,61%;0,61;5,17;3,53%;14.672.352
JFEN3;JOAO FORTES;0,54;-801,66%;-0,08;-4,68;0,00%;132.561
JBSS3;JBS;20,42;8,29%;0,95;3,91;9,79%;192.676.055
JALL3;JALLESMACHAD;7;42,53%;1,23;4,58;2,54%;4.530.846
IVPR4B;INVEPAR;NA;99,86%;NA;NA;NA;0
IVPR3B;INVEPAR;NA;99,86%;NA;NA;NA;0
ITSA4;ITAUSA;8,05;170,30%;1,05;5,86;4,92%;266.107.776
ITSA3;ITAUSA;8,63;170,30%;1,12;5,86;4,59%;2.331.016
INTB3;INTELBRAS;27,01;10,95%;4,11;20,04;1,35%;38.369.791
INNT3;INTER SA;NA;15,66%;NA;NA;NA;0
INEP4;INEPAR;0,88;5253,92%;-0,11;0,76;0,00%;2.492.832
INEP3;INEPAR;0,93;5253,92%;-0,12;0,76;0,00%;7.261.710
IGTI4;IGUATEMI S.A;7,29;45,08%;2,24;13,34;0,00%;150.837
IGTI3;IGUATEMI S.A;2,38;45,08%;0,73;13,34;0,00%;711.138
IGTI11;IGUATEMI S.A;16,82;45,08%;1,72;13,34;0,00%;65.306.412
IGSN3;IGUA SA;NA;10,45%;NA;NA;NA;0
IGBR3;IGB S/A;28,75;-105,73%;-0,03;-54,61;0,00%;41.089
IFCM3;INFRACOMM;2,58;-8,66%;0,62;-18,37;0,00%;4.354.088
HYPE3;HYPERA;42,51;33,00%;2,56;14,42;2,90%;173.864.055
HOOT4;HOTEIS OTHON;1,23;159,15%;-0,06;0,11;0,00%;9.939
HOOT3;HOTEIS OTHON;NA;159,15%;NA;0,11;NA;0
HETA4;HERCULES;3,81;92,50%;0;119,19;0,00%;2.718
HETA3;HERCULES;96;92,50%;-0,09;119,19;0,00%;0
HBTS6;HABITASUL;NA;-6,44%;NA;-44,8;NA;0
HBTS5;HABITASUL;30,02;-6,44%;0,55;-44,8;3,85%;3.707
HBTS3;HABITASUL;NA;-6,44%;NA;-44,8;NA;0
HBSA3;HIDROVIAS;2,27;14,86%;1,18;25,45;0,00%;9.811.303
HBRE3;HBR REALTY;4,35;255,07%;0,19;3,55;0,00%;172.123
HBOR3;HELBOR;1,96;11,84%;0,13;15,68;9,22%;1.873.031
HAPV3;HAPVIDA;4,59;0,50%;0,67;397,16;0,12%;373.742.681
HAGA4;HAGA S/A;1,13;11,89%;-0,21;3,83;0,00%;37.465
HAGA3;HAGA S/A;3,77;11,89%;-0,71;3,83;0,00%;70.903
GUAR3;GUARARAPES;6,29;5,82%;0,61;11,14;8,75%;12.921.239
GSHP3;GENERALSHOPP;24;38,61%;-0,06;29,18;0,00%;1.574
GRND3;GRENDENE;6,16;11,25%;1,3;15,86;6,25%;9.097.386
GRAO3;AGRIBRASIL;NA;3,69%;NA;NA;NA;0
GPIV33;GP INVEST;2,55;127,34%;0,04;0,7;0,00%;175.745
GPAR3;CELGPAR;45;416,24%;3;2,38;50,51%;4.190
GOLL4;GOL;6,13;-13,61%;-0,9;-16,73;0,00%;110.099.326
GOLL3;GOL;NA;-13,61%;NA;-16,73;NA;0
GOAU4;GERDAU MET;13,21;22,94%;0,27;0,86;9,46%;114.159.465
GOAU3;GERDAU MET;11,76;22,94%;0,24;0,86;10,63%;1.669.122
GMAT3;GRUPO MATEUS;5,21;5,97%;1,59;11,61;0,00%;45.233.211
GGPS3;GPS;10,75;9,27%;2,87;9,68;0,00%;21.489.387
GGBR4;GERDAU;30,17;23,00%;1,02;2,6;12,03%;342.958.730
GGBR3;GERDAU;24,4;23,00%;0,83;2,6;14,88%;1.358.749
GFSA3;GAFISA;5,66;10,45%;0,12;17,18;0,00%;14.250.556
GETT4;GETNET BR;2,33;18,41%;1,2;8,03;9,50%;143.231
GETT3;GETNET BR;2,33;18,41%;1,2;8,03;8,64%;118.917
GETT11;GETNET BR;5;18,41%;1,29;8,03;8,45%;1.406.609
GEPA4;GER PARANAP;26,19;28,60%;1,2;8,16;0,00%;22.625
GEPA3;GER PARANAP;23;28,60%;1,05;8,16;0,00%;7.457
G2DI33;G2D INVEST;2,22;33,83%;0,3;-1,12;0,00%;432.454
FRTA3;POMIFRUTAS;2,39;-73,48%;-0,07;-12,5;0,00%;4.266
FRRN5B;ALL NORTE;NA;37,76%;NA;NA;NA;0
FRRN3B;ALL NORTE;NA;37,76%;NA;NA;NA;0
FRIO3;METALFRIO;31;8,99%;-0,73;6,55;0,00%;262
FRAS3;FRAS-LE;9,87;10,45%;1,48;8,24;0,00%;5.104.702
FLRY3;FLEURY;15,58;17,90%;2,96;10,96;5,16%;47.607.228
FLEX3;FLEX S/A;NA;-19,92%;NA;NA;NA;0
FIQE3;UNIFIQUE;3,6;25,34%;1,31;6,66;2,34%;1.809.490
FIGE4;INVEST BEMGE;NA;NA;NA;NA;NA;0
FIGE3;INVEST BEMGE;12,03;NA;NA;NA;0,00%;0
FHER3;FER HERINGER;17,01;7,54%;2,07;2,54;0,00%;3.224.854
FESA4;FERBASA;51,62;41,83%;1,5;3,34;6,90%;10.109.550
FESA3;FERBASA;61;41,83%;1,77;3,34;5,31%;4.254
EZTC3;EZTEC;12,92;26,84%;0,63;9,22;6,02%;35.735.571
EVEN3;EVEN;4,48;7,41%;0,34;3,92;4,99%;6.845.280
EUCA4;EUCATEX;7,09;15,64%;0,32;3,1;3,99%;278.819
EUCA3;EUCATEX;10,32;15,64%;0,46;3,1;2,49%;17.475
ETER3;ETERNIT;9,42;19,76%;0,88;2,58;11,39%;9.878.257
ESTR4;ESTRELA;39,99;26,25%;-0,07;2,67;0,00%;2.561
ESTR3;ESTRELA;40;26,25%;-0,07;2,67;0,00%;0
ESPA3;ESPACOLASER;1,16;13,92%;0,61;10,8;0,00%;7.711.920
EQTL3;EQUATORIAL;26,23;20,54%;1,62;9,45;2,44%;215.499.729
EQPA7;EQTL PARA;7,7;22,63%;3,91;8,52;11,47%;236
EQPA6;EQTL PARA;9,83;22,63%;4,99;8,52;0,00%;0
EQPA5;EQTL PARA;7,94;22,63%;4,03;8,52;8,28%;251
EQPA3;EQTL PARA;6,5;22,63%;3,3;8,52;13,59%;142.401
EQMA5B;EQTLMARANHAO;NA;17,89%;NA;6,1;NA;0
EQMA3B;EQTLMARANHAO;25,49;17,89%;1,32;6,1;0,00%;11.564
EPAR3;EMBPAR S/A;9,81;6,11%;1,56;2,99;20,58%;13.772
ENMT4;ENERGISA MT;77,9;25,13%;5,02;11,28;4,54%;26.345
ENMT3;ENERGISA MT;77,99;25,13%;5,03;11,28;4,54%;47.349
ENJU3;ENJOEI;0,89;-91,24%;0,46;1,23;0,00%;1.303.251
ENGI4;ENERGISA;7,26;21,65%;1,14;7,01;9,26%;118.676
ENGI3;ENERGISA;13,15;21,65%;2,07;7,01;5,11%;72.723
ENGI11;ENERGISA;41,68;21,65%;1,31;7,01;8,06%;99.734.782
ENEV3;ENEVA;11,15;32,61%;1,27;13,02;0,00%;151.680.846
ENBR3;ENERGIAS BR;19,86;24,94%;0,89;4,94;11,05%;69.603.601
ENAT3;ENAUTA PART;11,95;65,20%;0,8;1,5;14,30%;20.565.606
EMBR3;EMBRAER;13,55;-4,72%;0,68;-18,64;0,00%;99.067.470
EMAE4;EMAE;54,29;2,11%;2,16;94,89;1,62%;226.776
EMAE3;EMAE;17,31;2,11%;0,69;94,89;0,00%;0
ELMD3;ELETROMIDIA;9,54;11,24%;1,5;23,81;0,00%;2.475.589
ELET6;ELETROBRAS;42,15;24,10%;0,87;14,04;3,65%;151.856.915
ELET5;ELETROBRAS;62,45;24,10%;1,28;14,04;0,00%;0
ELET3;ELETROBRAS;40,94;24,10%;0,84;14,04;1,80%;564.742.220
EKTR4;ELEKTRO;36,99;22,02%;2,36;5,77;21,30%;27.197
EKTR3;ELEKTRO;32,55;22,02%;2,07;5,77;22,00%;495
EGIE3;ENGIE BRASIL;36,98;43,75%;3,75;8,9;7,62%;72.468.246
ECOR3;ECORODOVIAS;4,02;24,54%;1,14;9,23;0,00%;27.270.497
EALT4;ACO ALTONA;6,52;12,74%;0,72;4,54;19,27%;147.650
EALT3;ACO ALTONA;8,16;12,74%;0,9;4,54;14,00%;1.091
DXCO3;DEXCO;7,45;15,97%;0,96;6,68;0,00%;38.969.915
DTCY4;DTCOM-DIRECT;NA;-47,86%;NA;-16,11;NA;0
DTCY3;DTCOM-DIRECT;5,35;-47,86%;-25,48;-16,11;0,00%;633
DOTZ3;DOTZ SA;1,28;-73,70%;-1,25;-0,47;0,00%;101.417
DOHL4;DOHLER;4,33;2,54%;0,46;42,29;3,05%;17.468
DOHL3;DOHLER;10;2,54%;1,07;42,29;1,20%;367
DMVF3;D1000VFARMA;3,6;2,15%;0,22;5,25;0,00%;281.205
DMMO3;DOMMO;1,85;8,16%;-1,7;32,14;0,00%;16.350.886
DIRR3;DIRECIONAL;14,35;17,60%;1,41;6,66;3,28%;37.963.373
DEXP4;DEXXOS PAR;5,7;10,18%;0,8;3,59;7,12%;47.397
DEXP3;DEXXOS PAR;6,89;10,18%;0,97;3,59;5,59%;1.718.911
DESK3;DESKTOP;8,49;27,45%;0,79;7,54;0,17%;1.913.736
DASA3;DASA;12,48;6,26%;0,95;18,9;2,41%;3.699.107
CYRE3;CYRELA REALT;12,1;17,75%;0,66;6,91;4,67%;164.645.469
CXSE3;CAIXA SEGURI;7,73;NA;1,97;7,58;8,39%;22.331.759
CVCB3;CVC BRASIL;3,66;-13,42%;2,44;-7,99;0,00%;100.455.894
CURY3;CURY S/A;10,67;20,35%;3,57;6,65;4,83%;21.476.689
CTSA4;SANTANENSE;1,81;-3,75%;0,18;-10,29;13,19%;25.123
CTSA3;SANTANENSE;2,68;-3,75%;0,27;-10,29;8,10%;13.201
CTNM4;COTEMINAS;1,87;1,27%;0,05;50,19;0,00%;19.021
CTNM3;COTEMINAS;6,04;1,27%;0,17;50,19;0,00%;162
CTKA4;KARSTEN;9;3,99%;-0,34;26,36;0,00%;5.644
CTKA3;KARSTEN;21,46;3,99%;-0,82;26,36;0,00%;677
CTCA3;CTC S.A.;NA;38,94%;NA;NA;NA;0
CSUD3;CSU DIGITAL;11,3;18,99%;1,3;4,73;7,72%;1.326.251
CSRN6;COSERN;21;22,10%;2,77;7,58;23,04%;703
CSRN5;COSERN;19,3;22,10%;2,55;7,58;23,08%;3.581
CSRN3;COSERN;21,57;22,10%;2,85;7,58;18,77%;10.439
CSNA3;SID NACIONAL;13,91;20,71%;0,78;4,41;14,76%;182.991.750
CSMG3;COPASA;15,09;16,58%;0,8;8,61;2,55%;28.057.915
CSED3;CRUZEIRO EDU;3,73;17,37%;0,99;4,54;3,51%;2.216.880
CSAN3;COSAN;15,7;17,21%;0,91;11,25;2,73%;219.796.575
CRTE3B;CONC RIO TER;NA;32,54%;NA;NA;NA;0
CRPG6;CRISTAL;25,51;10,13%;0,81;9,2;21,90%;34.451
CRPG5;CRISTAL;26,3;10,13%;0,84;9,2;21,24%;464.301
CRPG3;CRISTAL;50,7;10,13%;1,61;9,2;2,20%;217
CRFB3;CARREFOUR BR;14,14;5,32%;1,39;9,48;1,93%;105.048.767
CRDE3;CR2;18;-143,26%;0,46;-3,39;0,00%;1.735
CPLE6;COPEL;7,43;13,04%;0,95;9,46;13,36%;117.189.274
CPLE5;COPEL;23,12;13,04%;2,97;9,46;4,29%;1.823
CPLE3;COPEL;6,34;13,04%;0,81;9,46;14,24%;8.563.905
CPLE11;COPEL;36,07;13,04%;0,93;9,46;13,51%;18.116.032
CPFE3;CPFL ENERGIA;30,1;22,96%;2,2;5,94;10,77%;74.243.584
CORR4;COR RIBEIRO;75,85;-70,20%;-2,38;7,63;0,00%;0
CORR3;COR RIBEIRO;NA;-70,20%;NA;7,63;NA;0
COMR3;COMERC PAR;NA;6,78%;NA;NA;NA;0
COGN3;COGNA ON;1,97;7,28%;0,28;27,2;0,00%;118.761.637
COCE6;COELCE;NA;12,83%;NA;7,35;NA;0
COCE5;COELCE;41,5;12,83%;0,87;7,35;4,68%;2.558.772
COCE3;COELCE;57,16;12,83%;1,2;7,35;0,00%;89
CNSY3;CINESYSTEM;NA;10,38%;NA;NA;NA;0
CMSA4;CIMS;NA;NA;NA;NA;NA;0
CMSA3;CIMS;NA;NA;NA;NA;NA;0
CMIN3;CSNMINERACAO;3,84;33,29%;1,6;4,91;25,82%;37.055.480
CMIG4;CEMIG;10,95;15,71%;1,14;6,56;13,86%;142.869.225
CMIG3;CEMIG;17,35;15,71%;1,81;6,56;8,75%;6.943.577
CLSC4;CELESC;52,28;7,63%;0,69;3,93;13,51%;228.875
CLSC3;CELESC;48,91;7,63%;0,64;3,93;13,13%;74.631
CLSA3;CLEARSALE;4,4;-27,91%;1,12;-2,77;0,00%;3.499.326
CIEL3;CIELO;4,58;9,51%;0,91;14,94;5,46%;154.428.416
CGRA4;GRAZZIOTIN;25,7;15,96%;0,61;4;13,50%;292.881
CGRA3;GRAZZIOTIN;28,49;15,96%;0,68;4;12,17%;65.689
CGAS5;COMGAS;129,71;15,76%;10,33;8,26;11,78%;328.388
CGAS3;COMGAS;120;15,76%;9,56;8,26;11,57%;24.010
CEGR3;CEG;88,55;15,19%;17,47;26,97;0,00%;0
CEED4;CEEE-D;35;7,89%;-0,86;12,98;0,00%;1.715
CEED3;CEEE-D;38,9;7,89%;-0,96;12,98;0,00%;5.706
CEEB6;COELBA;NA;22,24%;NA;6,91;NA;0
CEEB5;COELBA;35,05;22,24%;1,64;6,91;23,93%;373
CEEB3;COELBA;37;22,24%;1,73;6,91;17,42%;44.648
CEDO4;CEDRO;3,76;4,03%;0,3;5,77;0,00%;5.759
CEDO3;CEDRO;6,35;4,03%;0,5;5,77;0,00%;789
CEBR6;CEB;9,66;69,06%;0,57;0,67;40,33%;155.529
CEBR5;CEB;10,02;69,06%;0,59;0,67;35,35%;51.445
CEBR3;CEB;9,68;69,06%;0,57;0,67;36,59%;58.754
CEAB3;CEA MODAS;1,95;2,18%;0,22;13,16;0,00%;13.093.739
CCRO3;CCR SA;10,13;54,69%;1,61;4,05;3,75%;147.681.164
CBEE3;AMPLA ENERG;13,49;7,12%;0,68;14,19;0,61%;800
CBAV3;CBA;10,58;20,41%;1,11;4,09;2,73%;45.367.820
CATA4;IND CATAGUAS;NA;12,55%;NA;NA;NA;0
CATA3;IND CATAGUAS;NA;12,55%;NA;NA;NA;0
CASN4;CASAN;9,88;16,23%;5,08;56,65;0,00%;0
CASN3;CASAN;12,81;16,23%;6,58;56,65;0,00%;0
CASH3;MELIUZ;1,21;-47,12%;1,33;-1,72;0,00%;38.839.709
CAML3;CAMIL;8,17;7,15%;1,02;8,03;3,59%;11.622.875
CAMB3;CAMBUCI;5,74;20,40%;1,53;4,19;2,30%;375.667
CALI3;CONST A LIND;8,25;14,44%;1,56;7,76;10,47%;2.926
CABI3B;CABINDA PART;NA;NA;NA;NA;NA;0
BRQB3;BRQ;NA;16,43%;NA;NA;NA;0
BRPR3;BR PROPERT;5,84;-520,23%;0,62;-0,68;43,28%;16.904.639
BRML3;BR MALLS PAR;7,7;69,50%;0,57;9,02;0,70%;118.388.145
BRKM6;BRASKEM;29,69;9,30%;3,47;4,1;2,04%;5.083
BRKM5;BRASKEM;22,56;9,30%;2,63;4,1;7,52%;100.445.495
BRKM3;BRASKEM;24,18;9,30%;2,82;4,1;7,02%;578.248
BRIT3;BRISANET;2,5;13,03%;0,82;14,79;0,05%;1.326.461
BRGE8;ALFA CONSORC;9,26;1089,29%;0,37;-15,09;3,40%;2.952
BRGE7;ALFA CONSORC;4,14;1089,29%;0,17;-15,09;0,00%;0
BRGE6;ALFA CONSORC;12,01;1089,29%;0,49;-15,09;6,30%;417
BRGE5;ALFA CONSORC;11,53;1089,29%;0,47;-15,09;2,73%;358
BRGE3;ALFA CONSORC;10,16;1089,29%;0,41;-15,09;0,00%;5.904
BRGE12;ALFA CONSORC;9,9;1089,29%;0,4;-15,09;0,00%;7.772
BRGE11;ALFA CONSORC;9;1089,29%;0,36;-15,09;4,20%;2.108
BRFS3;BRF SA;6,87;2,36%;0,59;18,21;0,00%;144.424.258
BRBI11;BR PARTNERS;10,84;44,38%;1,48;NA;12,73%;1.167.538
BRAP4;BRADESPAR;29,09;NA;1,46;1,71;31,44%;118.422.618
BRAP3;BRADESPAR;25,52;NA;1,28;1,71;32,58%;2.992.678
BOBR4;BOMBRIL;1,14;6,90%;-1,66;6,06;0,00%;37.399
BOBR3;BOMBRIL;1;6,90%;-1,45;6,06;0,00%;0
BOAS3;BOA VISTA;4,79;7,81%;1,15;18,42;1,65%;8.626.704
BMOB3;BEMOBI TECH;13,8;6,83%;1,18;7,32;1,47%;7.550.103
BMKS3;BIC MONARK;327,97;58,86%;0,72;-1,36;5,45%;5.863
BLUT4;B TECH EQI;1,52;NA;0,14;-4,91;0,00%;5.877
BLUT3;B TECH EQI;5,14;NA;0,46;-4,91;0,00%;1.920
BLAU3;BLAU;24,05;30,43%;2,45;9,14;2,80%;10.209.913
BIOM3;BIOMM;6;-89,61%;3,64;-6,11;0,00%;94.534
BETP3B;BETAPART;NA;NA;NA;NA;NA;0
BEEF3;MINERVA;12,36;8,09%;11,08;5,46;4,54%;93.123.254
BDLL4;BARDELLA;8,2;-112,68%;-0,07;-8,36;0,00%;2.028
BDLL3;BARDELLA;11,36;-112,68%;-0,1;-8,36;0,00%;2.679
BBML3;BBMLOGISTICA;NA;0,80%;NA;NA;NA;0
BAUH4;EXCELSIOR;83,89;1,84%;4,07;129,74;0,00%;6.447
BAUH3;EXCELSIOR;NA;1,84%;NA;129,74;NA;0
BALM4;BAUMER;10,01;15,53%;0,72;3,63;2,51%;3.094
BALM3;BAUMER;10,89;15,53%;0,78;3,63;2,31%;396
BAHI3;BAHEMA;10,91;-14,35%;2,1;-8,51;0,00%;147.469
B3SA3;B3;11,36;56,26%;3,39;11,55;5,23%;742.608.487
AZUL4;AZUL;9,44;6,35%;-0,59;26,82;0,00%;155.144.566
AZEV4;AZEVEDO;1,21;-3,70%;0,75;-11,12;0,00%;559.143
AZEV3;AZEVEDO;1,34;-3,70%;0,83;-11,12;0,00%;196.763
AVLL3;ALPHAVILLE;6,79;-84,66%;-0,52;-4,89;0,00%;39.731
AURE3;AUREN;14,36;19,25%;1,11;18,61;0,70%;47.704.006
AURA33;AURA 360;29,32;18,60%;1,24;6,16;0,00%;5.494.297
ATOM3;ATOMPAR;2,27;28,41%;2,02;3,09;3,04%;32.309
ATMP3;ATMASA;1,05;-46,26%;-0,1;-0,78;0,00%;39.572
ASAI3;ASSAI;18,71;5,35%;7,02;12,37;0,67%;295.940.903
ARZZ3;AREZZO CO;73,95;13,85%;3,12;14,41;1,47%;120.319.062
ARML3;ARMAC;9,57;33,63%;2,91;15,38;3,01%;6.584.203
APTI4;ALIPERTI;2.979,22;-8,45%;0,23;-10,52;0,00%;0
APTI3;ALIPERTI;NA;-8,45%;NA;-10,52;NA;0
APER3;ALPER S.A.;26,55;7,68%;1,11;22,62;0,00%;519.719
ANIM3;ANIMA;3,7;11,27%;0,49;13,46;0,00%;25.402.453
AMER3;AMERICANAS;7,35;4,18%;0,46;16,12;8,45%;394.943.351
AMBP3;AMBIPAR;19,01;17,50%;1,71;9,1;1,59%;27.355.280
AMAR3;LOJAS MARISA;1,07;-1,08%;0,38;-63,04;0,00%;11.275.883
ALUP4;ALUPAR;8,29;73,84%;0,68;5,48;4,95%;145.112
ALUP3;ALUPAR;10,3;73,84%;0,85;5,48;3,98%;116.715
ALUP11;ALUPAR;26,5;73,84%;0,73;5,48;4,64%;21.361.176
ALSO3;ALIANSCSONAE;15,91;55,69%;0,53;2,64;2,41%;35.154.860
ALPK3;ESTAPAR;1,63;6,40%;0,75;23,51;0,00%;225.210
ALPA4;ALPARGATAS;13,26;8,39%;1,55;24,62;1,23%;67.105.736
ALPA3;ALPARGATAS;11,4;8,39%;1,33;24,62;1,30%;111.409
ALLD3;ALLIED;5,59;3,61%;0,34;5,38;15,53%;317.206
AHEB6;SPTURIS;19,31;-3,68%;-2,04;-22,36;0,00%;30
AHEB5;SPTURIS;22;-3,68%;-2,32;-22,36;0,00%;0
AHEB3;SPTURIS;19,99;-3,68%;-2,11;-22,36;0,00%;1.352
AGXY3;AGROGALAXY;7,99;4,37%;1,05;5,38;2,10%;550.139
AGRO3;BRASILAGRO;26,6;33,72%;1,2;5,01;19,76%;15.809.805
AFLT3;AFLUENTE T;9,28;80,13%;2,16;4,49;2,55%;6.963
AESB3;AES BRASIL;9,08;19,84%;1,01;17,72;1,18%;19.946.815
AERI3;AERIS;0,88;8,52%;0,72;6,8;2,35%;9.238.480
ABEV3;AMBEV S/A;14,85;21,95%;2,55;12,56;4,06%;461.170.727
AALR3;ALLIAR;21,25;-0,34%;2,28;-848,08;0,00%;7.509.707
